"RK",TIERS,"PLAYER NAME",TEAM,"POS","BEST","WORST","AVG.","STD.DEV","ECR VS. ADP"
"1",1,"Josh Allen",BUF,"QB1","1","2","1.0","0.2","-"
"2",1,"Lamar Jackson",BAL,"QB2","1","7","2.6","1.1","-"
"3",1,"Drake Maye",NE,"QB3","2","7","3.5","1.1","-"
"4",1,"Joe Burrow",CIN,"QB4","2","19","5.1","2.8","-"
"5",2,"Jayden Daniels",WAS,"QB5","3","18","6.4","3.6","-"
"6",2,"Jalen Hurts",PHI,"QB6","2","17","6.9","2.8","-"
"7",2,"Ja'Marr Chase",CIN,"WR1","6","12","7.9","2.5","-"
"8",2,"Puka Nacua",LAR,"WR2","6","20","10.7","2.5","-"
"9",2,"Justin Herbert",LAC,"QB7","3","32","11.0","5.2","-"
"10",2,"Jahmyr Gibbs",DET,"RB1","2","37","11.2","3.9","-"
"11",2,"Caleb Williams",CHI,"QB8","2","26","11.2","5.5","-"
"12",2,"Bijan Robinson",ATL,"RB2","3","25","11.3","2.6","-"
"13",3,"Jaxon Smith-Njigba",SEA,"WR3","6","23","12.5","2.6","-"
"14",3,"Trevor Lawrence",JAC,"QB9","6","26","14.2","5.0","-"
"15",3,"Amon-Ra St. Brown",DET,"WR4","11","41","15.1","4.1","-"
"16",3,"Dak Prescott",DAL,"QB10","7","32","15.5","5.5","-"
"17",3,"Christian McCaffrey",SF,"RB3","10","46","19.0","8.2","-"
"18",3,"CeeDee Lamb",DAL,"WR5","14","46","20.7","4.4","-"
"19",3,"Justin Jefferson",MIN,"WR6","12","47","21.2","5.2","-"
"20",3,"Brock Purdy",SF,"QB11","8","50","21.4","6.6","-"
"21",3,"Jaxson Dart",NYG,"QB12","5","39","21.4","7.3","-"
"22",4,"Jonathan Taylor",IND,"RB4","13","48","24.9","8.1","-"
"23",4,"Drake London",ATL,"WR7","20","49","25.8","6.5","-"
"24",4,"Patrick Mahomes II",KC,"QB13","15","38","26.5","5.8","-"
"25",4,"Bo Nix",DEN,"QB14","14","50","26.6","7.4","-"
"26",4,"A.J. Brown",NE,"WR8","20","53","29.2","7.6","-"
"",4
"27",4,"Matthew Stafford",LAR,"QB15","8","55","31.0","9.8","-"
"28",4,"Nico Collins",HOU,"WR9","24","53","31.2","6.9","-"
"29",4,"Ashton Jeanty",LV,"RB5","15","58","31.5","8.4","-"
"30",5,"Chase Brown",CIN,"RB6","21","55","34.3","8.3","-"
"31",5,"James Cook III",BUF,"RB7","15","61","34.3","10.0","-"
"32",5,"Jared Goff",DET,"QB16","8","55","34.6","9.5","-"
"33",5,"Rashee Rice",KC,"WR10","21","68","34.7","10.0","-"
"34",5,"Trey McBride",ARI,"TE1","25","54","35.1","6.1","-"
"35",5,"George Pickens",DAL,"WR11","21","57","35.3","6.8","-"
"36",5,"Brock Bowers",LV,"TE2","23","51","36.8","4.7","-"
"37",5,"De'Von Achane",MIA,"RB8","22","68","37.0","8.7","-"
"38",5,"Chris Olave",NO,"WR12","23","64","37.3","8.5","-"
"39",5,"Kyler Murray",MIN,"QB17","13","64","38.1","11.5","-"
"40",5,"DeVonta Smith",PHI,"WR13","24","62","40.0","7.9","-"
"41",5,"Saquon Barkley",PHI,"RB9","22","61","40.8","8.2","-"
"42",5,"Omarion Hampton",LAC,"RB10","23","67","41.0","8.9","-"
"43",5,"Baker Mayfield",TB,"QB18","18","60","44.0","10.8","-"
"44",5,"Jordan Love",GB,"QB19","19","64","46.3","10.0","-"
"45",5,"Kenneth Walker III",KC,"RB11","27","74","46.3","9.3","-"
"46",5,"Tyler Shough",NO,"QB20","18","66","46.4","10.9","-"
"47",5,"Zay Flowers",BAL,"WR14","24","69","47.4","11.1","-"
"48",6,"Garrett Wilson",NYJ,"WR15","28","75","47.7","8.7","-"
"49",6,"Tetairoa McMillan",CAR,"WR16","28","71","49.8","10.1","-"
"50",6,"Malik Nabers",NYG,"WR17","21","86","52.1","15.7","-"
"51",6,"Tee Higgins",CIN,"WR18","35","73","52.5","8.7","-"
"52",6,"Ladd McConkey",LAC,"WR19","28","72","53.2","9.5","-"
"53",6,"Colston Loveland",CHI,"TE3","39","104","54.4","14.6","-"
"54",6,"Emeka Egbuka",TB,"WR20","27","80","55.0","9.5","-"
"55",6,"Malik Willis",MIA,"QB21","21","94","55.2","12.9","-"
"56",6,"Jeremiyah Love",ARI,"RB12","44","81","55.4","9.4","-"
"57",6,"Derrick Henry",BAL,"RB13","22","72","55.4","10.4","-"
"58",6,"Jaylen Waddle",DEN,"WR21","34","81","56.1","9.4","-"
"59",6,"Breece Hall",NYJ,"RB14","48","81","58.0","6.9","-"
"60",6,"Kyren Williams",LAR,"RB15","40","77","61.1","8.4","-"
"61",6,"Terry McLaurin",WAS,"WR22","44","82","61.1","7.8","-"
"62",6,"C.J. Stroud",HOU,"QB22","23","83","62.0","9.0","-"
"63",6,"Josh Jacobs",GB,"RB16","42","85","62.6","9.7","-"
"64",6,"Sam Darnold",SEA,"QB23","25","76","62.8","7.3","-"
"65",6,"Javonte Williams",DAL,"RB17","43","80","65.4","8.2","-"
"66",7,"Luther Burden III",CHI,"WR23","51","110","66.2","9.5","-"
"67",7,"Cam Ward",TEN,"QB24","33","92","67.5","8.6","-"
"68",7,"Davante Adams",LAR,"WR24","52","94","68.3","8.3","-"
"69",7,"Travis Etienne Jr.",NO,"RB18","42","95","69.7","10.9","-"
"70",7,"Mike Evans",SF,"WR25","44","102","70.9","10.6","-"
"71",7,"Daniel Jones",IND,"QB25","29","127","69.8","13.6","-"
"72",7,"DJ Moore",BUF,"WR26","35","117","73.8","12.6","-"
"73",7,"Cam Skattebo",NYG,"RB19","54","95","74.3","8.9","-"
"74",7,"Tyler Warren",IND,"TE4","39","93","74.9","11.2","-"
"75",7,"Jameson Williams",DET,"WR27","62","110","76.9","9.0","-"
"76",7,"Bryce Young",CAR,"QB26","31","127","73.6","10.8","-"
"77",7,"Christian Watson",GB,"WR28","57","114","77.6","11.7","-"
"78",7,"Rome Odunze",CHI,"WR29","57","110","79.1","9.9","-"
"79",7,"Bucky Irving",TB,"RB20","53","104","80.0","9.8","-"
"80",7,"Quinshon Judkins",CLE,"RB21","57","99","81.2","7.7","-"
"81",7,"D'Andre Swift",CHI,"RB22","65","98","81.4","7.2","-"
"82",7,"Jacoby Brissett",ARI,"QB27","27","127","83.1","17.3","-"
"83",7,"TreVeyon Henderson",NE,"RB23","54","116","84.3","10.7","-"
"84",7,"David Montgomery",HOU,"RB24","67","134","84.4","11.5","-"
"85",7,"Carnell Tate",TEN,"WR30","62","195","85.3","20.0","-"
"86",8,"Marvin Harrison Jr.",ARI,"WR31","65","129","90.4","13.1","-"
"87",8,"Bhayshul Tuten",JAC,"RB25","62","139","91.0","12.3","-"
"88",8,"Harold Fannin Jr.",CLE,"TE5","78","127","94.9","9.7","-"
"89",8,"Tucker Kraft",GB,"TE6","76","125","95.0","10.5","-"
"90",8,"Jaylen Warren",PIT,"RB26","79","116","96.0","6.9","-"
"",8
"91",8,"Jadarian Price",SEA,"RB27","74","111","96.1","8.2","-"
"92",8,"Brian Thomas Jr.",JAC,"WR32","68","132","97.7","13.6","-"
"93",8,"DK Metcalf",PIT,"WR33","72","122","97.8","11.1","-"
"94",8,"Chris Godwin Jr.",TB,"WR34","59","124","98.6","12.4","-"
"95",8,"Parker Washington",JAC,"WR35","68","144","99.4","15.7","-"
"96",8,"Kyle Pitts Sr.",ATL,"TE7","86","121","99.9","8.9","-"
"97",8,"Alec Pierce",IND,"WR36","72","132","100.0","14.9","-"
"98",8,"Courtland Sutton",DEN,"WR37","69","123","100.0","12.2","-"
"99",8,"Michael Pittman Jr.",PIT,"WR38","59","131","100.7","13.2","-"
"100",8,"Rhamondre Stevenson",NE,"RB28","80","131","102.2","8.8","-"
"101",8,"Tony Pollard",TEN,"RB29","85","130","103.2","8.6","-"
"102",8,"Chuba Hubbard",CAR,"RB30","78","141","103.9","11.9","-"
"103",8,"Sam LaPorta",DET,"TE8","78","121","104.2","9.7","-"
"104",8,"Jordyn Tyson",NO,"WR39","72","216","106.3","23.3","-"
"105",8,"Rico Dowdle",PIT,"RB31","88","134","106.8","9.7","-"
"106",8,"Geno Smith",NYJ,"QB28","30","184","100.8","25.6","-"
"107",8,"Wan'Dale Robinson",TEN,"WR40","63","148","107.4","14.4","-"
"108",8,"Michael Wilson",ARI,"WR41","76","139","107.5","12.3","-"
"109",8,"Josh Downs",IND,"WR42","75","137","108.1","13.9","-"
"110",8,"RJ Harvey",DEN,"RB32","74","153","111.7","16.8","-"
"111",8,"Jakobi Meyers",JAC,"WR43","82","156","113.8","14.1","-"
"112",8,"Quentin Johnston",LAC,"WR44","82","136","115.4","12.2","-"
"113",8,"Travis Kelce",KC,"TE9","93","153","115.5","11.9","-"
"114",8,"Makai Lemon",PHI,"WR45","84","209","116.7","20.9","-"
"115",8,"Kenny Gainwell",TB,"RB33","95","153","117.0","13.2","-"
"116",9,"Aaron Rodgers",PIT,"QB29","29","177","94.4","25.0","-"
"117",9,"J.K. Dobbins",DEN,"RB34","95","154","118.1","12.3","-"
"118",9,"Kyle Monangai",CHI,"RB35","99","141","119.1","9.4","-"
"119",9,"Jordan Addison",MIN,"WR46","90","171","120.6","12.0","-"
"120",9,"George Kittle",SF,"TE10","47","161","121.3","16.1","-"
"121",9,"Rachaad White",WAS,"RB36","88","156","122.2","13.5","-"
"122",9,"Jayden Reed",GB,"WR47","100","147","123.6","11.1","-"
"123",9,"Blake Corum",LAR,"RB37","103","150","123.7","9.9","-"
"124",9,"Jake Ferguson",DAL,"TE11","104","153","125.1","11.5","-"
"125",9,"Aaron Jones Sr.",MIN,"RB38","98","150","125.4","11.7","-"
"126",9,"Dalton Kincaid",BUF,"TE12","113","164","128.2","11.7","-"
"127",9,"Dallas Goedert",PHI,"TE13","113","175","132.0","14.8","-"
"128",9,"Jonathon Brooks",CAR,"RB39","97","321","133.0","32.7","-"
"129",9,"Jayden Higgins",HOU,"WR48","112","160","133.2","10.5","-"
"130",9,"Khalil Shakir",BUF,"WR49","106","166","133.8","11.8","-"
"131",9,"Xavier Worthy",KC,"WR50","109","157","134.2","9.5","-"
"132",9,"Isaiah Likely",NYG,"TE14","106","225","136.2","24.5","-"
"133",9,"Jordan Mason",MIN,"RB40","115","166","137.0","10.8","-"
"134",9,"Jacory Croskey-Merritt",WAS,"RB41","111","159","137.1","8.9","-"
"135",9,"Mark Andrews",BAL,"TE15","110","185","138.3","16.8","-"
"136",9,"Jalen Coker",CAR,"WR51","117","171","139.8","11.2","-"
"137",9,"Romeo Doubs",NE,"WR52","110","175","140.1","12.6","-"
"138",9,"KC Concepcion",CLE,"WR53","101","269","142.3","29.0","-"
"139",9,"Tyrone Tracy Jr.",NYG,"RB42","118","171","144.3","8.7","-"
"140",9,"Matthew Golden",GB,"WR54","113","190","146.2","16.0","-"
"141",9,"Fernando Mendoza",LV,"QB30","38","190","122.6","33.6","-"
"142",9,"Woody Marks",HOU,"RB43","103","186","148.1","13.2","-"
"143",9,"Tyler Allgeier",ARI,"RB44","119","205","150.6","13.5","-"
"144",9,"Tyjae Spears",TEN,"RB45","120","188","150.7","11.2","-"
"145",10,"Tua Tagovailoa",ATL,"QB31","34","184","128.7","29.9","-"
"146",10,"Chris Rodriguez Jr.",JAC,"RB46","129","211","153.1","16.5","-"
"147",10,"Alvin Kamara",NO,"RB47","120","186","153.3","11.7","-"
"148",10,"Zach Charbonnet",SEA,"RB48","99","218","151.6","19.9","-"
"149",10,"Rashid Shaheed",SEA,"WR55","133","190","155.0","10.8","-"
"150",10,"Dylan Sampson",CLE,"RB49","139","187","155.3","9.3","-"
"151",10,"Juwan Johnson",NO,"TE16","121","194","155.6","16.5","-"
"152",10,"Chig Okonkwo",WAS,"TE17","109","230","158.7","25.1","-"
"153",10,"Isiah Pacheco",DET,"RB50","131","187","156.9","9.7","-"
"154",10,"Jauan Jennings",MIN,"WR56","112","247","159.9","22.1","-"
"155",10,"Jerry Jeudy",CLE,"WR57","112","196","160.4","15.3","-"
"156",10,"Brenton Strange",JAC,"TE18","123","215","160.8","18.5","-"
"157",10,"Hunter Henry",NE,"TE19","121","212","165.1","16.3","-"
"158",10,"Adonai Mitchell",NYJ,"WR58","129","236","168.1","18.8","-"
"159",10,"Oronde Gadsden II",LAC,"TE20","115","223","168.7","25.7","-"
"160",10,"Omar Cooper Jr.",NYJ,"WR59","132","271","167.0","25.5","-"
"161",10,"Denzel Boston",CLE,"WR60","128","272","165.2","26.4","-"
"162",10,"Keaton Mitchell",LAC,"RB51","131","231","162.9","18.9","-"
"163",10,"Jonah Coleman",DEN,"RB52","132","284","166.0","23.2","-"
"164",10,"Deebo Samuel Sr.",SF,"WR61","96","230","159.8","30.5","-"
"165",10,"Brian Robinson Jr.",ATL,"RB53","150","220","172.6","13.0","-"
"166",10,"Tank Bigsby",PHI,"RB54","142","220","173.3","17.7","-"
"167",10,"Jalen McMillan",TB,"WR62","145","258","171.9","19.9","-"
"168",10,"Tre Tucker",LV,"WR63","129","241","174.4","18.9","-"
"169",10,"Travis Hunter",JAC,"WR64","112","254","173.1","25.0","-"
"170",10,"Dalton Schultz",HOU,"TE21","142","209","178.4","15.0","-"
"171",10,"Tre' Harris",LAC,"WR65","146","260","179.6","20.3","-"
"172",10,"T.J. Hockenson",MIN,"TE22","136","219","183.6","14.4","-"
"173",10,"Ryan Flournoy",DAL,"WR66","156","288","184.1","20.5","-"
"174",10,"Braelon Allen",NYJ,"RB55","134","276","178.3","23.3","-"
"175",10,"James Conner",ARI,"RB56","120","284","182.2","30.6","-"
"176",10,"Michael Penix Jr.",ATL,"QB32","83","267","148.7","33.6","-"
"177",10,"De'Zhaun Stribling",SF,"WR67","133","346","191.2","39.5","-"
"178",10,"Kayshon Boutte",NE,"WR68","144","242","187.2","18.2","-"
"179",11,"Stefon Diggs",FA,"WR69","102","308","169.0","37.1","-"
"180",11,"Troy Franklin",DEN,"WR70","139","285","187.6","26.6","-"
"181",11,"Jalen Nailor",LV,"WR71","124","275","188.8","32.5","-"
"182",11,"Kimani Vidal",LAC,"RB57","157","251","189.4","22.5","-"
"183",11,"Calvin Ridley",TEN,"WR72","147","288","192.3","24.0","-"
"184",11,"AJ Barner",SEA,"TE23","152","228","196.6","14.2","-"
"185",11,"Jaylin Noel",HOU,"WR73","140","265","188.2","20.8","-"
"186",11,"Ray Davis",BUF,"RB58","153","293","192.8","22.8","-"
"187",11,"Darnell Mooney",NYG,"WR74","158","253","194.4","15.6","-"
"188",11,"Dontayvion Wicks",PHI,"WR75","147","257","196.0","16.9","-"
"189",11,"Malik Washington",MIA,"WR76","149","261","196.8","25.9","-"
"190",11,"Isaac TeSlaa",DET,"WR77","160","260","193.0","17.2","-"
"191",11,"Emmett Johnson",KC,"RB59","156","283","191.0","25.0","-"
"192",11,"Deshaun Watson",CLE,"QB33","35","281","155.4","38.0","-"
"193",11,"Sean Tucker",TB,"RB60","152","317","195.8","27.8","-"
"194",11,"Antonio Williams",WAS,"WR78","129","281","189.8","32.0","-"
"195",11,"Kenyon Sadiq",NYJ,"TE24","148","350","198.5","30.2","-"
"196",11,"Gunnar Helm",TEN,"TE25","163","295","204.3","21.4","-"
"197",11,"Kirk Cousins",LV,"QB34","36","277","153.6","40.1","-"
"198",11,"Emanuel Wilson",SEA,"RB61","154","255","198.4","24.5","-"
"199",11,"Pat Bryant",DEN,"WR79","170","256","198.9","18.0","-"
"200",11,"Cooper Kupp",SEA,"WR80","154","265","205.7","20.3","-"
"201",11,"Rashod Bateman",BAL,"WR81","169","262","208.8","19.8","-"
"202",11,"Nicholas Singleton",TEN,"RB62","152","328","204.2","32.2","-"
"203",11,"Shedeur Sanders",CLE,"QB35","39","276","162.5","36.1","-"
"204",11,"Mike Washington Jr.",LV,"RB63","152","282","195.8","23.6","-"
"205",11,"Tank Dell",HOU,"WR82","169","279","205.9","20.7","-"
"206",11,"Kaytron Allen",WAS,"RB64","161","286","206.5","28.5","-"
"207",11,"Pat Freiermuth",PIT,"TE26","164","279","218.5","17.7","-"
"208",11,"Cade Otton",TB,"TE27","184","289","220.2","16.6","-"
"209",11,"Chimere Dike",TEN,"WR83","149","315","212.3","31.3","-"
"210",11,"Jaylen Wright",MIA,"RB65","166","268","212.7","18.4","-"
"211",11,"MarShawn Lloyd",GB,"RB66","154","289","216.8","35.4","-"
"212",11,"Zachariah Branch",ATL,"WR84","151","256","211.4","23.5","-"
"213",11,"Terrance Ferguson",LAR,"TE28","183","345","220.3","21.8","-"
"214",11,"Germie Bernard",PIT,"WR85","177","282","211.1","21.6","-"
"215",11,"David Njoku",LAC,"TE29","182","266","222.2","16.4","-"
"216",11,"Ted Hurst III",TB,"WR86","193","342","230.3","29.4","-"
"217",11,"Evan Engram",DEN,"TE30","181","262","228.7","16.6","-"
"218",11,"Jaydon Blue",DAL,"RB67","162","283","222.3","32.2","-"
"219",11,"Ollie Gordon II",MIA,"RB68","182","301","222.3","18.4","-"
"220",11,"Jack Bech",LV,"WR87","180","292","219.6","20.5","-"
"221",11,"Keon Coleman",BUF,"WR88","149","274","222.6","26.1","-"
"222",11,"Elic Ayomanor",TEN,"WR89","159","298","222.3","28.9","-"
"223",11,"Justice Hill",BAL,"RB69","155","276","218.8","29.5","-"
"224",12,"Colby Parkinson",LAR,"TE31","185","313","232.3","18.1","-"
"225",12,"Greg Dulcich",MIA,"TE32","133","271","196.3","31.6","-"
"226",12,"Isaiah Davis",NYJ,"RB70","168","289","227.6","23.3","-"
"227",12,"Tory Horton",SEA,"WR90","169","303","231.0","23.1","-"
"228",12,"Brandon Aiyuk",SF,"WR91","142","325","208.9","38.7","-"
"229",12,"Chris Bell",MIA,"WR92","157","269","218.2","24.4","-"
"230",12,"Eli Stowers",PHI,"TE33","183","319","240.5","25.5","-"
"231",12,"George Holani",SEA,"RB71","165","349","235.8","35.8","-"
"232",12,"Christian Kirk",SF,"WR93","180","288","228.8","21.4","-"
"233",12,"Ty Johnson",BUF,"RB72","172","327","230.9","22.6","-"
"234",12,"Elijah Sarratt",BAL,"WR94","180","284","226.9","19.2","-"
"235",12,"Malachi Fields",NYG,"WR95","178","320","229.6","27.5","-"
"236",12,"Tyquan Thornton",KC,"WR96","173","294","238.0","25.7","-"
"237",12,"Demond Claiborne",MIN,"RB73","165","317","230.9","28.3","-"
"238",12,"DJ Giddens",IND,"RB74","179","292","238.7","22.1","-"
"239",12,"Darius Slayton",NYG,"WR97","181","341","237.2","28.1","-"
"240",12,"Xavier Legette",CAR,"WR98","188","288","232.7","25.3","-"
"241",12,"Trey Benson",ARI,"RB75","132","318","233.0","36.7","-"
"242",12,"Mason Taylor",NYJ,"TE34","189","308","243.7","23.5","-"
"243",12,"Theo Johnson",NYG,"TE35","183","306","244.4","23.5","-"
"244",12,"Marvin Mims Jr.",DEN,"WR99","191","350","234.8","26.2","-"
"245",12,"LeQuint Allen Jr.",JAC,"RB76","163","324","239.6","27.6","-"
"246",12,"Chris Brooks",GB,"RB77","185","280","239.9","21.9","-"
"247",12,"Jordan James",SF,"RB78","157","339","244.9","30.3","-"
"248",12,"Samaje Perine",CIN,"RB79","163","345","244.9","32.5","-"
"249",12,"Devin Neal",NO,"RB80","172","336","238.8","29.3","-"
"250",12,"Devaughn Vele",NO,"WR100","195","326","243.1","20.6","-"
"251",12,"Malik Davis",DAL,"RB81","184","291","250.6","22.2","-"
"252",12,"Kaelon Black",SF,"RB82","163","300","244.1","36.9","-"
"253",12,"Kendre Miller",NO,"RB83","166","327","245.2","34.7","-"
"254",12,"Oscar Delp",NO,"TE36","227","330","269.1","30.1","-"
"255",12,"Kaleb Johnson",PIT,"RB84","165","322","244.8","29.1","-"
"256",12,"Hollywood Brown",PHI,"WR101","191","310","250.6","21.4","-"
"257",12,"Keenan Allen",LAC,"WR102","183","270","241.2","20.5","-"
"258",12,"Tyreek Hill",FA,"WR103","134","324","221.9","41.2","-"
"259",12,"Emari Demercado",KC,"RB85","162","316","257.6","29.8","-"
"260",12,"Brashard Smith",KC,"RB86","207","314","249.4","22.7","-"
"261",12,"Mike Gesicki",CIN,"TE37","206","305","240.5","20.0","-"
"262",12,"Mack Hollins",NE,"WR104","169","333","245.0","34.5","-"
"263",12,"Kyle Williams",NE,"WR105","189","332","244.7","28.5","-"
"264",12,"Devin Singletary",NYG,"RB87","214","294","259.4","16.0","-"
"265",12,"Jerome Ford",WAS,"RB88","178","293","255.3","24.3","-"
"266",12,"Najee Harris",LAC,"RB89","187","297","249.9","23.8","-"
"267",12,"Adam Randall",BAL,"RB90","212","309","259.6","23.2","-"
"268",12,"Skyler Bell",BUF,"WR106","198","340","255.3","27.5","-"
"269",12,"Isaiah Bond",CLE,"WR107","218","343","263.8","26.3","-"
"270",12,"Tahj Brooks",CIN,"RB91","216","322","268.8","21.6","-"
"271",12,"Trevor Etienne",CAR,"RB92","232","321","273.4","16.5","-"
"272",12,"Seth McGowan",IND,"RB93","223","314","262.9","20.5","-"
"273",13,"Ja'Kobi Lane",BAL,"WR108","209","348","261.1","23.1","-"
"274",13,"Jake Tonges",SF,"TE38","208","309","257.9","22.7","-"
"275",13,"Jaleel McLaughlin",DEN,"RB94","187","299","261.2","21.9","-"
"276",13,"Isaac Guerendo",SF,"RB95","216","338","269.7","22.7","-"
"277",13,"Andrei Iosivas",CIN,"WR109","180","304","244.4","28.3","-"
"278",13,"Chris Brazzell II",CAR,"WR110","210","311","247.7","26.4","-"
"279",13,"Jarquez Hunter",LAR,"RB96","232","319","274.9","16.8","-"
"280",13,"Audric Estime",NO,"RB97","225","320","272.6","21.5","-"
"281",13,"Darnell Washington",PIT,"TE39","192","330","261.7","27.5","-"
"282",13,"Joe Mixon",FA,"RB98","163","317","262.7","37.6","-"
"283",13,"Will Shipley",PHI,"RB99","247","318","281.9","15.6","-"
"284",13,"Kareem Hunt",FA,"RB100","170","352","275.5","26.4","-"
"285",13,"Caleb Douglas",MIA,"WR111","183","331","261.1","39.8","-"
"286",13,"Jalen Tolbert",MIA,"WR112","177","329","254.5","44.1","-"
"287",13,"Cedric Tillman",CLE,"WR113","221","337","268.5","26.1","-"
"288",13,"Tez Johnson",TB,"WR114","203","324","272.1","25.5","-"
"289",13,"Konata Mumpfield",LAR,"WR115","212","328","262.3","28.2","-"
"290",13,"Luke McCaffrey",WAS,"WR116","190","328","272.9","28.0","-"
"291",13,"J.J. McCarthy",MIN,"QB36","70","283","170.5","49.1","-"
"292",13,"Jalen Royals",KC,"WR117","239","335","276.9","25.2","-"
"293",13,"Jahan Dotson",ATL,"WR118","191","310","256.8","29.7","-"
"294",13,"Elijah Arroyo",SEA,"TE40","246","319","280.4","20.6","-"
"295",13,"Max Klare",LAR,"TE41","242","316","280.2","19.2","-"
"296",13,"Tyler Higbee",LAR,"TE42","206","323","274.2","25.7","-"
"297",13,"Olamide Zaccheaus",ATL,"WR119","212","319","274.7","26.9","-"
"298",13,"Michael Mayer",LV,"TE43","240","327","278.1","23.8","-"
"299",13,"Calvin Austin III",NYG,"WR120","219","349","279.4","38.1","-"
"300",13,"Noah Gray",KC,"TE44","231","326","286.8","22.0","-"
"301",13,"Cole Kmet",CHI,"TE45","231","317","283.3","22.5","-"
"302",13,"Bam Knight",ARI,"RB101","214","332","272.7","31.9","-"
"303",13,"Cyrus Allen",KC,"WR121","160","367","243.6","61.7","-"
"304",13,"Ja'Tavion Sanders",CAR,"TE46","227","333","280.1","27.2","-"
"305",13,"Joshua Palmer",BUF,"WR122","181","339","264.2","40.2","-"
"306",13,"DeMario Douglas",NE,"WR123","200","353","286.2","32.5","-"
"307",13,"Treylon Burks",WAS,"WR124","203","334","273.0","36.4","-"
"308",13,"Kendrick Bourne",ARI,"WR125","198","374","268.8","50.3","-"
"309",13,"Dawson Knox",BUF,"TE47","247","349","289.6","25.0","-"
"310",13,"Eli Heidenreich",PIT,"RB102","223","325","279.8","28.0","-"
"311",13,"Michael Carter",TEN,"RB103","175","347","280.1","37.0","-"
"312",13,"Jawhar Jordan",HOU,"RB104","166","342","281.1","44.4","-"
"313",14,"Bryce Lance",NO,"WR126","199","328","277.5","31.7","-"
"314",14,"Raheim Sanders",CLE,"RB105","192","343","278.4","37.5","-"
"315",14,"Dont'e Thornton Jr.",LV,"WR127","241","336","284.4","33.5","-"
"316",14,"Erick All Jr.",CIN,"TE48","245","344","292.7","28.6","-"
"317",14,"Nick Chubb",FA,"RB106","186","335","284.5","38.3","-"
"318",14,"J'Mari Taylor",JAC,"RB107","257","335","292.4","20.7","-"
"319",14,"John Metchie III",CAR,"WR128","245","348","281.9","32.5","-"
"320",14,"Justin Joly",DEN,"TE49","246","342","296.5","24.7","-"
"321",14,"Xavier Hutchinson",HOU,"WR129","258","337","288.8","23.7","-"
"322",14,"Eli Raridon",NE,"TE50","240","375","298.4","34.6","-"
"323",14,"Brenen Thompson",LAC,"WR130","234","352","288.1","33.5","-"
"324",14,"Tutu Atwell",MIA,"WR131","210","354","286.3","41.5","-"
"325",14,"Mac Jones",SF,"QB37","127","286","179.8","53.1","-"
"326",14,"Noah Fant",NO,"TE51","253","342","302.6","22.9","-"
"327",14,"Carson Beck",ARI,"QB38","36","214","116.8","79.8","-"
"328",14,"Kalif Raymond",CHI,"WR132","252","337","280.8","27.3","-"
"329",14,"Jaylin Lane",WAS,"WR133","265","342","304.8","27.1","-"
"330",14,"Kevin Coleman Jr.",MIA,"WR134","218","351","288.6","39.5","-"
"331",14,"Luke Musgrave",GB,"TE52","257","339","308.5","19.4","-"
"332",14,"John Bates",WAS,"TE53","246","359","288.7","35.7","-"
"333",14,"KaVontae Turpin",DAL,"WR135","224","362","276.3","45.2","-"
"334",14,"Anthony Richardson Sr.",IND,"QB39","173","291","199.8","45.7","-"
"335",14,"Phil Mafah",DAL,"RB108","198","338","283.6","40.3","-"
"336",14,"Nick Westbrook-Ikhine",IND,"WR136","237","343","287.3","38.9","-"
"337",14,"Kyle Juszczyk",SF,"RB109","196","324","263.1","45.1","-"
"338",14,"Austin Ekeler",FA,"RB110","209","346","295.8","39.7","-"
"339",14,"Savion Williams",GB,"WR137","270","372","307.2","28.2","-"
"340",14,"Tommy Tremble",CAR,"TE54","254","336","306.8","22.8","-"
"341",14,"Joe Milton III",DAL,"QB40","180","297","210.0","50.2","-"
"342",14,"Ben Sinnott",WAS,"TE55","272","345","312.1","21.1","-"
"343",14,"Jordan Whittington",LAR,"WR138","235","371","303.2","38.2","-"
"344",14,"Zavion Thomas",CHI,"WR139","228","370","298.7","43.1","-"
"345",14,"Devontez Walker",BAL,"WR140","219","379","288.8","53.2","-"
"346",14,"Darren Waller",FA,"TE56","250","344","293.7","27.1","-"
"347",14,"Deion Burks",IND,"WR141","269","381","307.6","32.9","-"
"348",14,"Jam Miller",NE,"RB111","232","322","290.8","35.2","-"
"349",14,"Dameon Pierce",PHI,"RB112","277","341","304.8","24.5","-"
"350",14,"Ty Simpson",LAR,"QB41","182","243","202.3","28.8","-"
"351",14,"Dyami Brown",WAS,"WR142","256","382","308.1","39.8","-"
"352",14,"Terrell Jennings",NE,"RB113","268","344","295.6","30.1","-"
"353",14,"Justin Fields",KC,"QB42","182","295","219.7","53.3","-"
"354",14,"Antonio Gibson",FA,"RB114","234","363","292.3","48.2","-"
"355",14,"Ashton Dulin",IND,"WR143","244","292","278.6","17.9","-"
"356",14,"Zach Ertz",FA,"TE57","264","340","291.5","27.8","-"
"357",14,"Sione Vaki",DET,"RB115","259","349","291.7","28.7","-"
"358",14,"Austin Hooper",ATL,"TE58","270","348","307.8","31.0","-"
"359",14,"Roschon Johnson",CHI,"RB116","264","332","301.7","22.1","-"
"360",14,"Miles Sanders",FA,"RB117","184","373","285.6","66.8","-"
"361",14,"Jeremy McNichols",WAS,"RB118","226","312","265.3","37.9","-"
"362",14,"Jonnu Smith",FA,"TE59","268","358","304.4","30.7","-"
"363",14,"Marcus Mariota",WAS,"QB43","178","184","181.0","3.0","-"
"364",14,"Mitchell Evans",CAR,"TE60","283","343","318.6","17.9","-"
"365",14,"Rasheen Ali",BAL,"RB119","249","348","296.8","31.6","-"
"366",14,"Mitch Tinsley",CIN,"WR144","244","329","278.8","32.0","-"
"367",14,"Hunter Luepke",DAL,"RB120","232","276","256.3","18.3","-"
"368",14,"Daniel Bellinger",TEN,"TE61","277","347","316.9","19.3","-"
"369",14,"Jaret Patterson",LAC,"RB121","235","343","281.8","42.8","-"
"370",14,"Ty Chandler",NO,"RB122","242","319","282.5","27.6","-"
"371",14,"Jaydn Ott",KC,"RB123","237","336","297.8","33.6","-"
"372",14,"Charlie Kolar",LAC,"TE62","261","345","298.0","29.3","-"
"373",15,"Greg Dortch",DET,"WR145","257","345","299.4","31.5","-"
"374",15,"Jahdae Walker",CHI,"WR146","287","331","299.6","16.6","-"
"375",15,"Tommy Myers",FA,"TE63","262","355","300.2","42.9","-"
"376",15,"Cash Jones",ATL,"RB124","243","314","287.0","27.5","-"
"377",15,"Dylan Laube",LV,"RB125","226","294","266.3","29.2","-"
"378",15,"Malik Benson",LV,"WR147","260","364","312.3","38.7","-"
"379",15,"Zavier Scott",MIN,"RB126","233","318","289.8","34.0","-"
"380",15,"Drew Sample",CIN,"TE64","262","318","290.5","21.8","-"
"381",15,"Mo Alie-Cox",IND,"TE65","260","334","304.0","25.2","-"
"382",15,"Tyler Goodson",ATL,"RB127","236","299","271.7","26.4","-"
"383",15,"Colbie Young",CIN,"WR148","273","338","307.8","21.2","-"
"384",15,"Demarcus Robinson",SF,"WR149","260","346","309.0","35.2","-"
"385",15,"Josh Oliver",MIN,"TE66","284","325","309.0","13.8","-"
"386",15,"Joe Flacco",CIN,"QB44","194","294","244.0","50.0","-"
"387",15,"CJ Daniels",LAR,"WR150","271","349","316.7","27.7","-"
"388",15,"Jake Bobo",SEA,"WR151","221","281","251.0","30.0","-"
"389",15,"Tyler Lockett",LV,"WR152","187","344","285.0","69.8","-"
"390",15,"Derius Davis",LAC,"WR153","229","334","285.0","43.1","-"
"391",15,"Alexander Mattison",FA,"RB128","214","289","251.5","37.5","-"
"392",15,"Jacob Saylors",DET,"RB129","246","324","286.0","31.9","-"
"393",15,"Marlin Klein",HOU,"TE67","286","350","312.8","21.9","-"
"394",15,"Elijah Higgins",ARI,"TE68","305","357","320.2","16.9","-"
"395",15,"Ronnie Rivers",LAR,"RB130","247","323","287.0","31.2","-"
"396",15,"Jakobie Keeney-James",FA,"WR154","250","263","256.5","6.5","-"
"397",15,"Michael Trigg",DAL,"TE69","267","361","306.8","35.1","-"
"398",15,"Scotty Miller",CHI,"WR155","227","334","290.0","45.7","-"
"399",15,"Kevin Austin Jr.",NO,"WR156","218","301","259.5","41.5","-"
"400",15,"Sterling Shepard",FA,"WR157","173","173","173.0","0.0","-"
"401",15,"Jake Browning",TB,"QB45","177","177","177.0","0.0","-"
"402",15,"Elijah Tau-Tolliver",BAL,"RB131","249","340","294.3","37.1","-"
"403",15,"Damien Martinez",GB,"RB132","278","343","310.3","24.1","-"
"404",15,"Myles Montgomery",NE,"RB133","253","338","310.5","34.7","-"
"405",15,"Khalil Herbert",SF,"RB134","265","276","270.5","5.5","-"
"406",15,"Jordan Waters",LAR,"RB135","240","302","271.0","31.0","-"
"407",15,"Donovan Edwards",MIA,"RB136","250","342","299.0","37.8","-"
"408",15,"Xavier Smith",LAR,"WR158","263","282","272.5","9.5","-"
"409",15,"Luke Schoonmaker",DAL,"TE70","281","330","313.8","19.3","-"
"410",15,"Adam Trautman",DEN,"TE71","296","348","322.0","17.7","-"
"411",15,"Graig Cooper",FA,"RB137","202","202","202.0","0.0","-"
"412",15,"Zay Jones",FA,"WR159","202","202","202.0","0.0","-"
"413",15,"Frank Gore Jr.",BUF,"RB138","240","341","302.7","44.7","-"
"414",15,"Sam Roush",CHI,"TE72","293","308","302.7","6.8","-"
"415",15,"Roman Hemby",LV,"RB139","251","333","303.0","36.9","-"
"416",15,"Robert Henry Jr.",WAS,"RB140","244","337","306.0","43.8","-"
"417",15,"Raheem Mostert",LV,"RB141","280","288","284.0","4.0","-"
"418",15,"Elijah Mitchell",PHI,"RB142","239","386","323.3","61.9","-"
"419",15,"Cade Stover",HOU,"TE73","294","347","312.7","24.3","-"
"420",15,"Reggie Gilliam",NE,"RB143","271","317","294.0","23.0","-"
"421",15,"Alec Ingold",LAC,"RB144","238","238","238.0","0.0","-"
"422",15,"Michael Woods II",DEN,"WR160","291","301","296.0","5.0","-"
"423",15,"Xavier Restrepo",TEN,"WR161","293","299","296.0","3.0","-"
"424",15,"Albert Okwuegbunam Jr.",LV,"TE74","243","243","243.0","0.0","-"
"425",15,"Dohnte Meyers",CIN,"WR162","243","243","243.0","0.0","-"
"426",15,"Nate Boerkircher",JAC,"TE75","295","302","298.5","3.5","-"
"427",15,"Cam Akers",FA,"RB145","244","366","305.0","61.0","-"
"428",15,"Reggie Virgil",ARI,"WR163","263","335","299.0","36.0","-"
"429",15,"Jared Wiley",KC,"TE76","290","308","299.0","9.0","-"
"430",15,"Salvon Ahmed",CHI,"RB146","246","246","246.0","0.0","-"
"431",15,"Patrick Ricard",NYG,"RB147","247","247","247.0","0.0","-"
"432",15,"Durham Smythe",BAL,"TE77","291","309","300.0","9.0","-"
"433",15,"Kendric Pryor",CIN,"WR164","299","302","300.5","1.5","-"
"434",15,"Thomas Fidone II",NYG,"TE78","285","369","323.3","34.7","-"
"435",15,"Brandin Cooks",FA,"WR165","249","249","249.0","0.0","-"
"436",15,"KeAndre Lambert-Smith",LAC,"WR166","263","341","302.0","39.0","-"
"437",15,"Deon Jackson",FA,"RB148","252","252","252.0","0.0","-"
"438",15,"Odell Beckham Jr.",NYG,"WR167","311","325","320.3","6.6","-"
"439",15,"Clyde Edwards-Helaire",FA,"RB149","258","258","258.0","0.0","-"
"440",15,"Jacardia Wright",SEA,"RB150","277","336","306.5","29.5","-"
"441",15,"Tanner Hudson",CIN,"TE79","300","313","306.5","6.5","-"
"442",15,"Josh Reynolds",FA,"WR168","262","262","262.0","0.0","-"
"443",15,"Van Jefferson",WAS,"WR169","292","323","307.5","15.5","-"
"444",15,"Max Bredeson",MIN,"RB151","264","264","264.0","0.0","-"
"445",15,"Elijah Moore",PHI,"WR170","266","351","308.5","42.5","-"
"446",15,"Theo Wease Jr.",MIA,"WR171","267","350","308.5","41.5","-"
"447",15,"Isaiah Williams",FA,"WR172","265","265","265.0","0.0","-"
"448",15,"Moliki Matavao",NO,"TE80","289","329","309.0","20.0","-"
"449",15,"Tyler Conklin",DET,"TE81","297","321","309.0","12.0","-"
"450",15,"Braxton Berrios",NYG,"WR173","266","266","266.0","0.0","-"
"451",15,"Jabari Small",DET,"RB152","266","266","266.0","0.0","-"
"452",15,"Devonte Boyd",FA,"WR174","270","270","270.0","0.0","-"
"453",15,"Kendrick Law",DET,"WR175","270","270","270.0","0.0","-"
"454",15,"Brittain Brown",CHI,"RB153","273","273","273.0","0.0","-"
"455",15,"Bub Means",NO,"WR176","273","273","273.0","0.0","-"
"456",15,"Elijah Dotson",FA,"RB154","274","274","274.0","0.0","-"
"457",16,"Roman Wilson",PIT,"WR177","302","326","314.0","12.0","-"
"458",16,"Adam Prentice",DEN,"RB155","277","277","277.0","0.0","-"
"459",16,"Tim Patrick",NYJ,"WR178","281","281","281.0","0.0","-"
"460",16,"AJ Dillon",CAR,"RB156","281","281","281.0","0.0","-"
"461",16,"Terrace Marshall Jr.",MIA,"WR179","281","281","281.0","0.0","-"
"462",16,"Nathan Carter",ATL,"RB157","282","282","282.0","0.0","-"
"463",16,"Jaheim Bell",PIT,"TE82","283","283","283.0","0.0","-"
"464",16,"Sincere McCormick",SF,"RB158","284","284","284.0","0.0","-"
"465",16,"Jeremy Ruckert",NYJ,"TE83","286","286","286.0","0.0","-"
"466",16,"Coleman Owen",IND,"WR180","286","286","286.0","0.0","-"
"467",16,"Jeshaun Jones",MIN,"WR181","290","349","319.5","29.5","-"
"468",16,"Taysom Hill",FA,"TE84","286","368","327.0","41.0","-"
"469",16,"Kadarius Toney",FA,"WR182","288","288","288.0","0.0","-"
"470",16,"Harrison Bryant",FA,"TE85","289","289","289.0","0.0","-"
"471",16,"Kye Robichaux",DET,"RB159","289","289","289.0","0.0","-"
"472",16,"Brock Wright",DET,"TE86","316","326","321.0","5.0","-"
"473",16,"Kalel Mullings",TEN,"RB160","290","290","290.0","0.0","-"
"474",16,"Noah Whittington",HOU,"RB161","291","291","291.0","0.0","-"
"475",16,"Russell Gage Jr.",FA,"WR183","292","292","292.0","0.0","-"
"476",16,"Dontae McMillan",BAL,"RB162","292","292","292.0","0.0","-"
"477",16,"Will Dissly",FA,"TE87","292","356","324.0","32.0","-"
"478",16,"Quez Watkins",PHI,"WR184","294","294","294.0","0.0","-"
"479",16,"Tahj Washington",MIA,"WR185","294","294","294.0","0.0","-"
"480",16,"Jimmy Horn Jr.",CAR,"WR186","310","337","323.5","13.5","-"
"481",16,"Myles Price",MIN,"WR187","295","295","295.0","0.0","-"
"482",16,"Jameis Winston",NYG,"QB46","296","296","296.0","0.0","-"
"483",16,"David Sills V",TB,"WR188","311","338","324.5","13.5","-"
"484",16,"Myles Gaskin",FA,"RB163","297","297","297.0","0.0","-"
"485",16,"Irv Smith Jr.",FA,"TE88","298","298","298.0","0.0","-"
"486",16,"Ronnie Bell",NO,"WR189","298","298","298.0","0.0","-"
"487",16,"Montorie Foster Jr.",SEA,"WR190","299","299","299.0","0.0","-"
"488",16,"Barion Brown",NO,"WR191","300","300","300.0","0.0","-"
"489",16,"Miles Davis",CAR,"RB164","300","300","300.0","0.0","-"
"490",16,"Cedrick Wilson Jr.",DET,"WR192","302","302","302.0","0.0","-"
"491",16,"British Brooks",HOU,"RB165","304","304","304.0","0.0","-"
"492",16,"Michael Briscoe",MIN,"WR193","306","306","306.0","0.0","-"
"493",16,"Marquez Valdes-Scantling",DAL,"WR194","328","360","339.7","14.4","-"
"494",16,"Lil'Jordan Humphrey",DEN,"WR195","307","307","307.0","0.0","-"
"495",16,"Jared Wayne",HOU,"WR196","307","307","307.0","0.0","-"
"496",16,"Michael Bandy",DEN,"WR197","308","308","308.0","0.0","-"
"497",16,"Maurice Alexander",CHI,"WR198","308","308","308.0","0.0","-"
"498",16,"Tai Felton",MIN,"WR199","308","383","345.5","37.5","-"
"499",16,"Mecole Hardman Jr.",BUF,"WR200","311","311","311.0","0.0","-"
"500",16,"Diontae Johnson",FA,"WR201","311","311","311.0","0.0","-"
"501",16,"Josh Whyle",GB,"TE89","311","311","311.0","0.0","-"
"502",16,"Will Kacmarek",MIA,"TE90","312","312","312.0","0.0","-"
"503",16,"Jack Endries",CIN,"TE91","313","313","313.0","0.0","-"
"504",16,"Desmond Reid",FA,"RB166","315","315","315.0","0.0","-"
"505",16,"Skyy Moore",GB,"WR202","328","340","334.0","6.0","-"
"506",16,"Lew Nichols III",PIT,"RB167","316","316","316.0","0.0","-"
"507",16,"Xavier Weaver",ARI,"WR203","317","317","317.0","0.0","-"
"508",16,"Evan Hull",ARI,"RB168","317","317","317.0","0.0","-"
"509",16,"Tyler Scott",LAR,"WR204","317","317","317.0","0.0","-"
"510",16,"Tanner Koziol",JAC,"TE92","317","317","317.0","0.0","-"
"511",16,"Michael Wortham",JAC,"WR205","319","319","319.0","0.0","-"
"512",16,"Will Mallory",IND,"TE93","320","320","320.0","0.0","-"
"513",16,"Velus Jones Jr.",SEA,"WR206","320","320","320.0","0.0","-"
"514",16,"Travis Homer",PIT,"RB169","322","322","322.0","0.0","-"
"515",16,"Zamir White",LV,"RB170","323","323","323.0","0.0","-"
"516",16,"Dean Connors",LAR,"RB171","323","323","323.0","0.0","-"
"517",16,"Jackson Hawes",BUF,"TE94","324","324","324.0","0.0","-"
"518",16,"Jordan Watkins",SF,"WR207","335","343","339.0","4.0","-"
"519",16,"Jordan Akins",FA,"TE95","327","327","327.0","0.0","-"
"520",16,"K.J. Osborn",TEN,"WR208","327","327","327.0","0.0","-"
"521",16,"Nate Adkins",DEN,"TE96","327","327","327.0","0.0","-"
"522",16,"Kaden Wetjen",PIT,"WR209","327","327","327.0","0.0","-"
"523",16,"Chip Trayanum",NYJ,"RB172","329","329","329.0","0.0","-"
"524",16,"Dominic Lovett",DET,"WR210","330","330","330.0","0.0","-"
"525",16,"Anthony Gould",IND,"WR211","331","331","331.0","0.0","-"
"526",16,"Michael Burton",CLE,"RB173","332","332","332.0","0.0","-"
"527",16,"DeAndre Hopkins",BAL,"WR212","332","378","355.0","23.0","-"
"528",16,"Jalen Reagor",MIA,"WR213","333","333","333.0","0.0","-"
"529",16,"Arian Smith",NYJ,"WR214","333","333","333.0","0.0","-"
"530",16,"Josh Cameron",JAC,"WR215","333","333","333.0","0.0","-"
"531",16,"Miles Kitselman",DET,"TE97","334","334","334.0","0.0","-"
"532",16,"Jermaine Burton",FA,"WR216","334","384","359.0","25.0","-"
"533",16,"Jermar Jefferson",FA,"RB174","339","339","339.0","0.0","-"
"534",16,"Tyler Badie",DEN,"RB175","340","340","340.0","0.0","-"
"535",16,"Jacob Cowing",SF,"WR217","341","377","359.0","18.0","-"
"536",16,"Justin Watson",HOU,"WR218","344","344","344.0","0.0","-"
"537",16,"Corey Kiner",ARI,"RB176","344","344","344.0","0.0","-"
"538",16,"Anthony Hankerson",MIA,"RB177","346","346","346.0","0.0","-"
"539",16,"Kendall Milton",CIN,"RB178","347","347","347.0","0.0","-"
"540",16,"Joshua Pitsenberger",HOU,"RB179","348","348","348.0","0.0","-"
"541",16,"Khalil Dinkins",FA,"TE98","350","350","350.0","0.0","-"
"542",16,"Gus Edwards",FA,"RB180","365","365","365.0","0.0","-"
"543",16,"Curtis Samuel",FA,"WR219","376","376","376.0","0.0","-"
"544",16,"Gabe Davis",FA,"WR220","380","380","380.0","0.0","-"
"545",16,"Juice Wells Jr.",ATL,"WR221","385","385","385.0","0.0","-"
"546",16,"Trey Sermon",FA,"RB181","387","387","387.0","0.0","-"
"547",16,"Ja'Quinden Jackson",FA,"RB182","388","388","388.0","0.0","-"